country,continent,year,lifeExp,pop,gdpPercap
Mexico,Americas,1952,50.789,30144317,3478.125529
Mexico,Americas,1957,55.19,35015548,4131.546641
Mexico,Americas,1962,58.299,41121485,4581.609385
Mexico,Americas,1967,60.11,47995559,5754.733883
Mexico,Americas,1972,62.361,55984294,6809.40669
Mexico,Americas,1977,65.032,63759976,7674.929108
Mexico,Americas,1982,67.405,71640904,9611.147541
Mexico,Americas,1987,69.498,80122492,8688.156003
Mexico,Americas,1992,71.455,88111030,9472.384295
Mexico,Americas,1997,73.67,95895146,9767.29753
Mexico,Americas,2002,74.902,102479927,10742.44053
Mexico,Americas,2007,76.195,108700891,11977.57496
