country,continent,year,lifeExp,pop,gdpPercap
Panama,Americas,1952,55.191,940080,2480.380334
Panama,Americas,1957,59.201,1063506,2961.800905
Panama,Americas,1962,61.817,1215725,3536.540301
Panama,Americas,1967,64.071,1405486,4421.009084
Panama,Americas,1972,66.216,1616384,5364.249663
Panama,Americas,1977,68.681,1839782,5351.912144
Panama,Americas,1982,70.472,2036305,7009.601598
Panama,Americas,1987,71.523,2253639,7034.779161
Panama,Americas,1992,72.462,2484997,6618.74305
Panama,Americas,1997,73.738,2734531,7113.692252
Panama,Americas,2002,74.712,2990875,7356.031934
Panama,Americas,2007,75.537,3242173,9809.185636
